sample,raw_mean_correlation,residual_mean_correlation,raw_mean_density,residual_mean_density,correlation_attenuation,density_attenuation
training,0.5634415784650237,0.20100016111093488,0.7085035068290882,0.1323986710963455,0.36244141735408886,0.5761048357327427
holdout,0.6191395003358452,0.10511786476410631,0.7980798771121352,0.02311827956989247,0.5140216355717389,0.7749615975422428
